"J8Av","gaming"
"j6vv","entertainment"
"T4CT","gaming"
"x5Yc","gaming"
"x5Uq","film"
"k4IT","gaming"
"n4TX","film"
"u2ad","sports"
"z4Tq","music"
"I1Xm","comedy"
"W0TA","gaming"
"Q7zm","film"
"Q2eF","gaming"
"j9Rl","music"
"L8kK","entertainment"
"J4vI","film"
"g5AL","music"
"X2vp","music"
"q4xy","music"
"S1qP","gaming"
"d4TC","sports"
"t6lc","film"
"M2LW","gaming"
"Z5ig","comedy"
"h0fv","film"
"T8Op","music"
"j2se","sports"
"o2Tq","sports"
"B9pt","music"
"O9Of","film"
"B9pt","film"
"z8jC","music"
"g6rZ","entertainment"
"f3at","gaming"
"d8ss","music"
"S1mi","sports"
"k4IT","film"
"u2ad","comedy"
"p3rE","music"
"x0Jp","film"
"k5lL","music"
"P0eU","music"
"c7nI","entertainment"
"M6Fy","gaming"
"Q2eF","sports"
"H9rh","comedy"
"B9pt","entertainment"
"I1Xm","sports"
"b4SN","comedy"
"j8ut","film"
"A9QE","entertainment"
"r3tY","music"
"j2se","music"
"S1mi","comedy"
"o5XQ","music"
"U3cB","entertainment"
"n4TX","entertainment"
"K8UZ","comedy"
"h8Av","music"
"D6Kn","entertainment"
"o2Tq","gaming"
"G5Uz","film"
"G5Uz","gaming"
"o5XQ","film"
"L8kK","sports"
"a6hx","comedy"
"H2dJ","entertainment"
"X8Mb","comedy"
"u2ad","film"
"u5qo","film"
"Y5Fs","music"
"S6tI","gaming"
"O9ha","comedy"
"z4Tq","entertainment"
"B4fy","music"
"b4SN","sports"
"S1mi","music"
"U3cB","music"
"O9ha","entertainment"
"U6di","music"
"Q2eF","music"
"i4TC","music"
"A9QE","sports"
"j9Rl","film"
"k5lL","sports"
"j2cc","sports"
"g5AL","sports"
"H2dJ","sports"
"p3rE","sports"
"j0lI","sports"
"Q4ai","gaming"
"j2se","film"
"o5XQ","sports"
"H2OI","comedy"
"O9Of","sports"
"t6lc","entertainment"
"H2OI","music"
"U6di","sports"
"P0eU","entertainment"
"K7Ra","music"
"Y5Fs","sports"
"j1gr","comedy"
"U3cB","sports"
"A4hG","film"
"g6rZ","music"
"A6tS","film"
"X2vp","comedy"
"x0Jp","comedy"
"a4Rx","entertainment"
"j2cc","music"
"j2cc","comedy"
"M9XN","film"
"x0Jp","music"
"t4wL","film"
"S1mi","entertainment"
"M2LW","comedy"
"u5qo","entertainment"
"p3rE","entertainment"
"Z3Vb","sports"
"H2dJ","gaming"
"j6vv","sports"
"t6lc","music"
"j0lI","film"
"X9rb","music"
"W0TA","film"
"k4IT","comedy"
"X2vp","sports"
"Q7zm","comedy"
"X9rb","film"
"d8ss","comedy"
"B4fy","entertainment"
"H2dJ","film"
"y1DQ","entertainment"
"G6qO","comedy"
"I4eC","comedy"
"M5Nq","film"
"c7nI","film"
"G6qO","film"
"X9rb","entertainment"
"x0Jp","entertainment"
"o6Da","film"
"z4Tq","sports"
"J8Av","entertainment"
"T4CT","film"
"D7QY","gaming"
"Q4ai","entertainment"
"I1Xm","entertainment"
"p3rE","gaming"
"z8jC","sports"
"d4TC","entertainment"
"a4Rx","music"
"T8Op","sports"
"O1RQ","entertainment"
"J6SQ","comedy"
"v4oe","sports"
"W0TA","comedy"
"K8UZ","film"
"X8Mb","gaming"
"D6Kn","gaming"
"J6SQ","sports"
"y5ZY","gaming"
"s8BX","comedy"
"O9ha","film"
"i4TC","film"
"D7QY","comedy"
"L9VF","entertainment"
"O7oM","film"
"n4TX","gaming"
"b6Zj","gaming"
"O0zH","music"
"N3OO","gaming"
"x5Uq","gaming"
"o6Da","gaming"
"j2cc","entertainment"
"h8Av","comedy"
"r3tY","film"
"X9rb","comedy"
"t4wL","gaming"
"j6vv","film"
"Y5Fs","comedy"
"f3at","film"
"v4oe","film"
"T8Op","comedy"
"f3at","entertainment"
"I4eC","entertainment"
"Y5Fs","film"
"S1qP","music"
"O9Of","entertainment"
"D7QY","film"
"N3OO","film"
"j2se","gaming"
"X2vp","gaming"
"P0eU","gaming"
"Q7zm","gaming"
"M6Fy","music"
"J4vI","sports"
"F7uu","music"
"O9ha","music"
"T8Op","film"
"A6tS","gaming"
"H2OI","film"
"k5lL","comedy"
"O0zH","gaming"
"I4eC","sports"
"M9XN","comedy"
"j5Qi","music"
"c7nI","gaming"
"v4oe","gaming"
"U3cB","comedy"
"a6hx","film"
"a6hx","music"
"a4Rx","comedy"
"d8ss","entertainment"
"T8Op","entertainment"
"j8ut","comedy"
"Z3Vb","film"
"H2dJ","music"
"j0lI","music"
"d4TC","film"
"u2ad","gaming"
"s8BX","film"
"a4Rx","film"
"z8jC","entertainment"
"F7uu","entertainment"
"F7uu","gaming"
"M6Fy","entertainment"
"I4eC","film"
"j1gr","music"
"I7vk","entertainment"
"I4rp","music"
"X9rb","gaming"
"k6NQ","music"
"O9Of","music"
"T4CT","entertainment"
"T4CT","comedy"
"t4wL","entertainment"
"S6tI","music"
"K8UZ","sports"
"j1gr","gaming"
"V4EC","comedy"
"w5kF","film"
"x5Yc","comedy"
"J8Av","sports"
"k4IT","sports"
"j0lI","entertainment"
"W5Uo","music"
"j9Rl","entertainment"
"t6lc","sports"
"Z5ig","music"
"I4eC","music"
"y1DQ","comedy"
"M5Nq","entertainment"
"T4CT","sports"
"b4SN","music"
"V4EC","gaming"
"y1DQ","sports"
"M9XN","gaming"
"I7vk","music"
"i4TC","entertainment"
"i4TC","comedy"
"M2LW","music"
"X9rb","sports"
"M5Nq","sports"
"k5lL","gaming"
"Z5ig","sports"
"w5kF","gaming"
"S6tI","comedy"
"P2ey","music"
"t6lc","comedy"
"h0fv","comedy"
"j2cc","film"
"X8Mb","sports"
"D6Kn","film"
"N3OO","entertainment"
"K7Ra","sports"
"j6vv","music"
"u2ad","music"
"O0zH","sports"
"N3OO","comedy"
"M2LW","entertainment"
"O9ha","gaming"
"L8kK","music"
"y5ZY","sports"
"f3at","sports"
"x5Uq","comedy"
"F7uu","comedy"
"b4SN","entertainment"
"o5XQ","comedy"
"Q7zm","entertainment"
"x5Yc","music"
"o6Da","comedy"
"J4vI","entertainment"
"P0eU","sports"
"b6Zj","film"
"k4IT","entertainment"
"u5qo","comedy"
"K8UZ","music"
"K8UZ","gaming"
"c7nI","sports"
"g6rZ","comedy"
"P2ey","gaming"
"O1RQ","music"
"H2dJ","comedy"
"S1qP","comedy"
"Z3Vb","music"
"y5ZY","entertainment"
"r3tY","entertainment"
"K7Ra","gaming"
"H9rh","gaming"
"k6NQ","comedy"
"j5Qi","gaming"
"b6Zj","entertainment"
"I4rp","entertainment"
"g6rZ","gaming"
"S6tI","sports"
"k5lL","film"
"h8Av","entertainment"
"h8Av","sports"
"o5XQ","entertainment"
"A9QE","gaming"
"Q7zm","sports"
"Q7zm","music"
"c7nI","music"
"j5Qi","film"
"U3cB","film"
"F7uu","film"
"s8BX","music"
"j5Qi","entertainment"
"w5kF","comedy"
"O7oM","music"
"o2Tq","entertainment"
"Q2eF","film"
"W0TA","entertainment"
"B4fy","sports"
"N3OO","sports"
"Q4ai","comedy"
"u5qo","gaming"
"F7uu","sports"
"Z5ig","entertainment"
"L9VF","gaming"
"L8kK","film"
"D6Kn","sports"
"h8Av","film"
