"Nissim","WnZ76v2z","2012-06-18 01:47:29",2,"Z5ig",1
"Rooney3","GvX52B9s","2011-05-13 18:40:32",5,"j0lI",0
"Holden","Ejf48Z5K","2011-11-14 20:55:07",3,"F7uu",0
"sazmanng3","JJg79v5P","2010-09-26 16:41:50",4,"o5XQ",1
"Rooney3","VcG48V8x","2010-06-10 22:07:33",,"g5AL",1
"Aline7","GpX30z1J","2011-08-25 10:35:54",5,"Q2eF",0
"crashtest17tf","Syn73d1a","2011-11-22 06:46:29",4,"I4eC",0
"Hedley8","XWr43c4K","2011-11-29 06:48:51",2,"g5AL",1
"Rosalyn","EjS70L0R","2010-04-03 14:46:30",3,"G5Uz",1
"dolcian0x","JLe93z9w","2012-07-25 12:55:18",4,"b4SN",1
"Brown","vsW99F2f","2011-08-31 01:42:48",3,"F7uu",1
"Aline7","PiF90C1w","2011-07-23 09:18:05",1,"P0eU",1
"Cadman.Giles","YTl99M1A","2011-04-28 13:56:09",5,"W5Uo",0
"Howard","EZr30j6p","2010-04-17 13:54:22",2,"I4rp",1
"Celeste3","XOt54r2w","2010-05-13 19:02:52",3,"o5XQ",1
"Teagan.Wiley","zqJ57I6l","2012-02-04 19:17:46",,"S1mi",0
"Bender","Fnm23y1w","2011-02-08 02:34:41",,"J6SQ",1
"Indira6","CaF90k8m","2012-01-09 19:02:44",2,"S1qP",1
"Vivian.Morin","jNR08w6B","2010-01-23 02:36:40",2,"y5ZY",1
"kalgarijux5","vsW99F2f","2011-12-11 19:00:30",4,"G5Uz",1
"calliparik2","Dmx46I0S","2010-12-02 16:15:16",5,"k4IT",1
"Coleman","rjE58W1M","2010-11-30 01:52:59",3,,
"Hale","WnZ76v2z","2011-03-24 03:12:41",,"u5qo",1
"calliparik2","PiF90C1w","2010-12-06 09:25:07",3,"X8Mb",0
"Watson","HYZ83P7e","2011-02-04 00:46:17",,"B9pt",0
"Idona1","lQK88q0b","2011-10-07 16:53:26",5,"x0Jp",1
"dolcian0x","ioh40j7v","2012-05-25 10:40:42",5,"X9rb",1
"Candice1","nRK89d7E","2012-10-03 21:27:33",2,"M9XN",0
"Lucy9","YhN84b1G","2011-08-28 03:42:57",5,"Z3Vb",1
"Aline7","yKg25L6T","2011-08-26 07:01:54",,"Q7zm",0
"pibak","fHz75m5D","2012-10-03 10:34:57",1,"b6Zj",1
"Janna.David","qEP91r1V","2010-01-25 18:33:48",5,"S1qP",1
"Chanda.Brown","USX78z4V","2010-06-22 20:36:16",,"B9pt",0
"Sophia.Flowers","Ofr36Q7B","2011-01-24 04:13:39",5,"Y5Fs",1
"Beach","fLu44W4Z","2012-02-10 12:18:59",4,"W5Uo",1
"Martina4","Dmx46I0S","2012-08-13 00:05:40",4,"z4Tq",0
"Madison.Flores","NTM99u2k","2011-11-07 08:29:30",2,"B9pt",0
"izsvb","Iox56V5u","2010-08-28 05:59:19",5,"H9rh",0
"Ocean.Wyatt","HhZ67h3K","2011-12-07 13:08:32",1,"N3OO",0
"treseluu","xPl96d6j","2011-10-23 05:08:36",3,"S6tI",1
"Stella4","PiC65x5o","2011-05-10 07:13:51",5,"j1gr",0
"Cadman.Giles","jBM09X3R","2010-01-18 17:23:00",,"Z5ig",1
"Watson","qNI58p4o","2011-04-23 00:03:40",2,"x5Uq",1
"Bernard.Peters","feg73I0y","2012-04-18 10:07:57",,"a4Rx",0
"Sierra1","Mus02Q8Z","2012-08-21 05:29:45",5,"M9XN",1
"chinleongck","sCl89r4H","2011-08-15 06:33:39",,"j2cc",1
"Morin","YhN84b1G","2010-05-06 23:29:34",1,"a6hx",1
"Chapman","Ghj44n6V","2012-06-28 14:12:04",2,"T4CT",1
"Janna.David","aQs81P3I","2012-05-02 03:17:42",1,"H2OI",1
"lopticommc","USX78z4V","2010-09-14 01:59:34",4,"L9VF",1
"Cameran2","Hff15q8Z","2010-08-28 19:33:50",3,"x0Jp",0
"Ocean.Wyatt","yNS34B9u","2012-06-12 09:17:08",,"J8Av",1
"Dillon.Richards","VfQ34l0L","2011-07-11 09:14:05",3,"B4fy",0
"Holden","YhN84b1G","2012-05-09 15:06:26",1,"I7vk",0
"Chanda.Brown","Lke01K1v","2012-04-07 15:06:42",1,"t4wL",0
"simoletto50","aQs81P3I","2010-12-21 19:19:19",4,"v4oe",1
"Rooney3","vHU39m2L","2012-09-05 02:40:00",4,"j1gr",1
"silsinsoria2j","fAh40T2d","2010-07-29 19:16:10",2,"M2LW",1
"simoletto50","Lpc67S9D","2011-08-21 23:18:38",2,"n4TX",0
"pibak","Tto09Z1h","2012-08-29 15:03:48",2,"A4hG",0
"Mcintyre","Puk64c3A","2012-08-24 13:06:16",1,"W0TA",1
"Oconnor","ZvD32d9s","2010-09-19 18:55:23",2,"G6qO",1
"Howard","cLQ43L4h","2012-03-15 13:01:15",1,"T8Op",0
"silsinsoria2j","AOb22p6N","2011-02-03 20:20:02",4,"G5Uz",1
"Bender","KQh69C7G","2010-09-01 00:31:55",,"O9ha",0
"Mann","dkc46Q9H","2010-07-05 10:18:23",,"w5kF",0
"Isabella","RDG04V3S","2010-02-17 10:01:04",2,"S1qP",1
"calliparik2","CKH31F8g","2012-05-10 11:53:53",,,
"litakuwaue","Syn73d1a","2010-04-27 13:01:00",1,"P0eU",1
"Mcintyre","suC85w5O","2010-04-13 09:07:12",1,"J8Av",1
"shaihkritzercl","GpX30z1J","2010-01-22 01:54:11",1,"L8kK",0
"Wyatt","XrK13E5H","2011-10-04 09:42:48",3,"h8Av",0
"fanion51","OHY39F9x","2012-01-05 05:43:37",1,"q4xy",0
"Hedwig.Kennedy","pqe99P0X","2010-05-22 05:27:23",,"t4wL",0
"Howard","CAE21K1u","2012-06-05 09:27:13",1,"o2Tq",0
"Dillon.Richards","CKH31F8g","2010-01-10 21:47:45",2,"O9ha",0
"4k3o2m1zhw","xxA57q0E","2010-08-27 03:29:29",5,"K7Ra",1
"Madison.Flores","pBV12K4l","2011-05-28 23:36:49",,"M2LW",0
"Marks","Ezf13e1C","2010-09-18 00:23:51",3,"y5ZY",1
"Declan5","CeG68m9B","2010-02-19 06:06:37",,"O7oM",1
"Isabella","ZGw03R8M","2010-03-02 20:20:45",5,"x5Yc",0
"Isabella","Dmx46I0S","2011-12-06 11:44:35",,"j5Qi",1
"snowwhite5831i","Zpl92K0X","2010-11-29 20:33:01",4,"Q2eF",1
"Marks","ebP26k3U","2011-05-02 14:36:10",5,"j1gr",1
"Reed4","xPl96d6j","2011-09-19 03:19:27",,"d8ss",0
"Howard","cSD56A8j","2012-04-08 06:01:25",4,"D6Kn",1
"4k3o2m1zhw","CLD92o2R","2010-05-15 23:43:11",4,"x5Uq",0
"sazmanng3","mPc40W2K","2010-11-03 04:09:35",2,"I1Xm",1
"Bernard.Peters","cCw45r0E","2012-07-26 21:37:30",3,"O7oM",0
"Rosalyn","vEg21S0v","2011-04-19 10:09:06",5,"M9XN",1
"Roth.Poole","pyc43j5x","2010-12-27 07:13:58",5,"M2LW",1
"Hedwig5","ehy86s1Z","2011-01-25 10:18:36",1,"a4Rx",1
"Flores","TOX08L5h","2011-12-05 06:39:09",1,"q4xy",0
"Indira6","xnp27i4c","2012-02-19 08:51:23",2,"o2Tq",1
"chefappapleaj","JLe93z9w","2012-02-01 18:04:44",5,"g5AL",1
"Dillon.Richards","MjK97f9O","2012-04-25 19:29:47",3,"O0zH",1
"Cheryl","pvZ03k6y","2011-06-15 23:25:51",3,"d8ss",0
"ovularas4a","uLi16A5l","2012-06-27 17:58:14",2,"v4oe",1
"pibak","dlm43k0x","2010-04-02 05:48:46",1,"B4fy",1
"Brennan","ifJ32T1G","2011-05-04 12:36:42",1,"M2LW",1
"Chanda.Brown","uvp09z7t","2012-04-01 12:31:47",5,"b6Zj",1
"Sierra1","dyP05T7g","2012-08-18 17:44:42",,"d8ss",1
"Chapman","mIM01E1C","2011-12-21 17:54:55",3,"n4TX",0
"August10","UBN26O3x","2010-05-29 18:01:46",4,"u5qo",1
"izsvb","HhZ67h3K","2010-08-01 15:29:58",5,"z4Tq",1
"calliparik2","rjE58W1M","2010-12-25 11:12:03",4,"O0zH",0
"Cheryl","dPn74b7w","2010-12-12 01:18:40",2,"y5ZY",1
"Rosalyn","vWu60e8h","2012-10-03 11:44:55",3,"v4oe",1
"vitaleno4","Qwg78k6u","2010-01-09 08:58:14",2,"J8Av",0
"Nissim","aUX12q1X","2011-09-29 22:21:47",5,"S6tI",1
"kalgarijux5","mgJ42t8e","2010-06-21 19:19:05",5,"P0eU",0
"Roth.Poole","FaM71D7a","2012-08-14 19:45:05",,"J6SQ",1
"Rosalyn","Ybz37m8H","2011-07-13 23:51:50",2,"r3tY",0
"Marks","cNi18t8H","2012-06-15 10:17:03",,"d8ss",1
"lirizam9o","QUD79f3y","2012-04-12 14:18:22",,"u2ad",0
"zaskomlijnp","jNk13t4s","2012-10-08 08:06:04",3,"O0zH",1
"calliparik2","CaF90k8m","2011-03-18 05:27:53",3,"j5Qi",1
"chinleongck","jHi82A4Z","2010-05-21 23:17:01",5,"O7oM",1
"Bender","Iox56V5u","2011-07-15 06:07:02",,"M2LW",1
"mozgovafl","XOt54r2w","2012-06-09 09:28:19",4,"D6Kn",0
"Brown","Mus02Q8Z","2011-02-19 20:47:48",4,,
"Chloe7","XrK13E5H","2010-12-18 03:22:37",3,"Y5Fs",1
"Hedwig5","uZR79W8F","2012-01-05 02:02:43",,"B4fy",0
"Poole","SUf57E0S","2012-06-07 00:30:04",5,"j9Rl",0
"lopticommc","gOQ43y4f","2011-06-25 20:36:58",,"T8Op",1
"Aline7","cNi18t8H","2010-08-31 15:37:54",4,"y5ZY",0
"Colette.Hale","PMw66y8W","2010-01-08 04:04:19",3,"J4vI",1
"Stella4","lda07b3F","2011-02-11 21:07:02",,"j2cc",1
"Cameran2","wqT73e1u","2010-07-14 06:52:41",4,"i4TC",0
"4k3o2m1zhw","rAj35m2w","2011-07-27 21:37:28",2,,
"Mann","rAj35m2w","2012-04-10 10:45:25",5,"i4TC",0
"Mann","ffv40v6F","2011-08-17 01:18:34",,"G5Uz",0
"frndlysk8er07q6","yKg25L6T","2012-02-07 17:16:14",,"q4xy",0
"shaihkritzercl","KQh69C7G","2010-01-31 09:17:31",2,"g6rZ",0
"Colette.Hale","NKF35b1w","2011-03-19 21:39:39",2,"H9rh",1
"Mayer","xCa83j0w","2011-02-18 02:39:29",3,"y5ZY",1
"fanion51","fLu44W4Z","2010-09-12 01:09:05",,"k6NQ",1
"Teagan.Wiley","qEP91r1V","2011-11-17 19:15:32",2,"I4rp",0
"dolcian0x","zPA34w0P","2010-02-04 20:23:26",5,"H2dJ",1
"simoletto50","bTA57U3x","2011-03-02 00:47:18",3,"U6di",1
"Reed4","tAi97S0W","2011-06-24 08:41:06",1,"j1gr",0
"Indira6","Wtf13y4r","2012-08-09 01:42:21",4,"N3OO",1
"Celeste3","KJA91r9R","2011-01-29 06:12:08",,"g5AL",1
"Ocean.Wyatt","bVs06T3o","2011-07-04 18:30:26",,"I4rp",0
"Candice1","cqd92A2k","2012-03-02 20:05:53",,"k6NQ",0
"Athena10","WvZ81j9y","2012-05-25 08:24:05",5,"Z5ig",0
"Isabella","EjS70L0R","2010-04-30 21:21:48",5,"n4TX",1
"frndlysk8er07q6","PGu22u5y","2012-03-18 16:24:23",5,"U3cB",1
"Aline7","YoE03T7S","2012-03-05 12:00:58",1,"j2se",0
"quenquaf9","oaZ94t6U","2010-05-22 16:40:41",4,"b4SN",1
"quenquaf9","eTM71X5s","2010-02-15 18:28:37",5,"S6tI",1
"Lucy9","YhN84b1G","2012-07-26 06:52:34",5,"y5ZY",0
"Derek3","yME57S9c","2010-10-17 00:55:03",,"u5qo",0
"Chloe7","GpX30z1J","2011-07-20 09:38:10",5,"I1Xm",1
"Hedwig.Kennedy","USX78z4V","2012-02-06 00:00:53",,"I1Xm",1
"4k3o2m1zhw","lbG91b9I","2012-07-24 21:21:03",3,"b4SN",0
"missy7280iy","pyc43j5x","2010-04-28 05:06:36",3,"j5Qi",1
"Celeste3","VlO41m8H","2011-07-17 02:37:32",2,"O9ha",1
"Flavia.Potts","jYo58N3T","2010-01-31 01:03:50",5,"g6rZ",0
"Flavia.Potts","VWB81P1q","2010-03-28 11:30:07",2,"W5Uo",1
"mozgovafl","WSG19Y7b","2010-07-11 22:52:30",5,"P0eU",1
"treseluu","bGe46E0z","2012-07-02 06:00:18",1,"O0zH",0
"simoletto50","ifJ32T1G","2010-10-26 12:00:50",4,"u2ad",1
"Hale","JKZ65M2m","2012-03-10 21:50:39",5,"N3OO",1
"izsvb","Gfz85k4Q","2012-08-04 23:21:28",2,"I7vk",1
"Katell.Webb","nRK89d7E","2010-07-19 23:00:27",1,"J6SQ",1
"Cameran2","CaF90k8m","2011-02-07 18:52:26",,"z8jC",1
"Marks","IFw50G1a","2010-12-10 13:40:49",4,"Z3Vb",0
"sazmanng3","YTl99M1A","2011-08-11 17:33:45",3,"J4vI",1
"Aline7","kso30P9k","2010-09-30 03:14:22",3,"Y5Fs",1
"dolcian0x","rjE58W1M","2012-08-03 19:56:15",2,"t4wL",0
"Gwendolyn","xtb15r3D","2012-03-16 06:48:07",5,"O9ha",0
"Flores","IRk26T5i","2012-08-11 17:51:46",4,"W5Uo",1
"Claire4","Ezf13e1C","2010-01-03 00:46:37",,"j9Rl",0
"Hedley8","qPr00V2j","2010-12-17 05:16:14",,"A4hG",0
"Chloe7","OwG25c7E","2010-01-14 11:59:17",4,"L8kK",1
"Idona1","Lke01K1v","2011-11-28 10:25:41",5,"Z5ig",0
"izsvb","Lst01b8J","2010-02-02 08:38:51",5,"I4rp",1
"Carson.Stuart","NNn20P0J","2010-08-30 13:42:47",2,"u5qo",1
"Isabella.Wiggins","KeZ61G2h","2012-08-20 00:33:37",,"A4hG",0
"Sophia.Flowers","yME57S9c","2012-03-01 05:15:41",2,"W5Uo",0
"vitaleno4","eKE59k3Q","2012-05-03 12:10:52",2,"D7QY",1
"Marks","OlJ75j0w","2012-04-08 03:51:09",3,"M5Nq",0
"svetlanagj","oYN86I3r","2011-11-16 00:02:22",2,"v4oe",1
"Nissim","jsO54w2T","2011-05-29 23:40:17",1,"V4EC",1
"Ocean.Wyatt","zqJ57I6l","2012-01-21 16:37:50",1,"o2Tq",1
"shaihkritzercl","ioh40j7v","2012-04-21 15:14:12",3,"P0eU",1
"Cadman.Giles","JLe93z9w","2010-05-24 19:26:28",2,"j8ut",1
"sazmanng3","jBM09X3R","2012-07-17 22:47:45",5,"L9VF",1
"chinleongck","fpL59o2g","2012-07-17 08:14:28",,"k6NQ",0
"Morin","kso30P9k","2011-08-17 10:29:51",5,"u5qo",0
"Martina4","pEh01f6v","2010-03-09 08:40:09",4,"M6Fy",1
"svetlanagj","MBQ15i1v","2012-09-16 19:20:03",3,"j5Qi",1
"ovularas4a","kZD44x2C","2011-09-27 00:51:22",2,"X9rb",1
"mozgovafl","pyc43j5x","2012-08-09 02:12:47",5,"j2cc",0
"Poole","BNp23I4S","2012-10-02 00:47:27",1,"L8kK",1
"Colette.Hale","pqe99P0X","2010-01-05 15:27:41",4,"q4xy",0
"snowwhite5831i","Syn73d1a","2010-11-18 04:11:26",3,"o2Tq",1
"Galloway","CeG68m9B","2010-07-31 11:58:28",5,"U6di",0
"sazmanng3","ouk43e1K","2012-07-11 02:05:31",5,"c7nI",0
"Marks","xCa83j0w","2011-10-15 02:18:57",3,"N3OO",1
"calliparik2","zqJ57I6l","2012-01-21 15:50:20",2,"O9ha",0
"Brown","fHz75m5D","2012-07-07 13:07:44",2,"j5Qi",1
"Brown","Wda17r7W","2011-08-31 23:49:43",,"S6tI",0
"Hedley8","MsT95G5D","2010-01-31 14:18:05",3,"B9pt",1
"izsvb","vvj77T1Q","2011-07-15 04:14:34",4,"c7nI",0
"Nissim","cNi18t8H","2011-09-04 02:30:40",5,"j6vv",0
"Ocean.Wyatt","akM92t1x","2012-05-17 19:20:49",3,"X9rb",1
"dolcian0x","dPn74b7w","2010-07-19 02:32:00",4,"B4fy",0
"Isabella","Wda17r7W","2011-07-06 19:55:13",3,"x0Jp",0
"solobuscamev3","SKl93E2y","2011-09-15 22:46:56",4,"c7nI",1
"Ocean.Wyatt","UPn40i3W","2011-12-18 09:13:41",4,"O9Of",1
"mozgovafl","qEP91r1V","2010-05-15 20:11:03",1,"I1Xm",0
"calliparik2","qPr00V2j","2010-04-26 08:18:44",2,"t6lc",1
"treseluu","SkY40n2K","2012-01-27 06:46:24",,"U6di",0
"Chanda.Brown","Qca84l6Y","2011-01-11 09:24:15",5,"h8Av",1
"Katell.Webb","sgA10S0x","2010-09-05 06:08:56",,"j5Qi",0
"4k3o2m1zhw","NTM99u2k","2011-04-20 09:02:30",1,"M2LW",1
"svetlanagj","ziA93x1h","2012-01-22 04:20:33",2,"v4oe",0
"Rosalyn","cNi18t8H","2010-11-01 05:00:12",1,"P0eU",1
"Brown","vvj77T1Q","2010-11-23 13:57:40",4,"Z5ig",1
"Brennan","PiF90C1w","2010-09-09 04:25:14",4,"d8ss",0
"Teagan.Wiley","cqd92A2k","2010-04-16 22:38:45",1,"u5qo",0
"quenquaf9","jpq15o0Y","2011-08-30 23:24:57",4,"j0lI",0
"calliparik2","ehy86s1Z","2012-09-25 00:09:29",1,"L9VF",0
"mozgovafl","fHz75m5D","2010-02-19 02:47:57",4,"j1gr",1
"lopticommc","yME57S9c","2012-06-02 20:49:47",4,"X9rb",0
"Candice1","NNn20P0J","2010-03-13 05:35:26",2,"O1RQ",1
"Bender","mIM01E1C","2010-03-09 16:52:00",4,"B9pt",1
"Mcintyre","qcD97P7h","2010-10-17 02:07:18",3,"M6Fy",0
"Isabella.Wiggins","XTz55e5Y","2010-02-02 13:20:22",,"p3rE",0
"Nissim","vWu60e8h","2012-04-09 00:55:04",1,"w5kF",0
"Howard","eaT56q4v","2012-07-31 10:49:58",,"k6NQ",1
"oslanjateox","Ofr36Q7B","2010-12-24 19:59:33",3,"o6Da",0
"Roth.Poole","DxN71F2N","2011-07-20 08:42:09",5,"t4wL",0
"Cameran2","DxN71F2N","2012-09-24 21:52:11",5,"j1gr",1
"Katell.Webb","ebP26k3U","2010-09-22 00:41:48",1,"H2OI",1
"Marks","lYn58j2C","2011-11-17 16:17:33",4,"k6NQ",0
"Isabella.Wiggins","ioh40j7v","2010-08-23 14:17:24",4,"i4TC",0
"dolcian0x","WPM08n2G","2010-10-23 00:04:27",3,"F7uu",0
"Hedley8","QUD79f3y","2012-05-03 00:53:12",3,"H2dJ",1
"Rooney3","Zgx47b5e","2012-04-07 13:46:00",,"q4xy",0
"Vivian.Morin","ZvD32d9s","2012-02-29 15:45:26",,"P2ey",1
"Brian.Galloway","xCa83j0w","2010-07-23 23:12:08",2,"J8Av",1
"Indira6","dlm43k0x","2010-08-03 03:23:48",1,"T8Op",0
"Katell.Webb","yME57S9c","2010-07-13 18:05:03",2,"d4TC",0
"Martina4","rFc42z1B","2012-04-18 13:11:07",3,"k6NQ",1
"Bender","Lcj41R9C","2010-08-14 09:53:30",5,"g6rZ",1
"pibak","eaT56q4v","2010-09-01 05:58:27",3,"t6lc",1
"Mann","pvZ03k6y","2010-11-02 18:53:27",4,"W5Uo",1
"Beach","EZr30j6p","2012-07-20 07:17:26",1,"O7oM",0
"Candice1","KaO83V0C","2012-01-13 03:10:12",5,"M6Fy",0
"Galloway","Ezf13e1C","2010-08-14 15:14:56",4,"j0lI",0
"missy7280iy","Ofr36Q7B","2010-09-13 13:02:40",1,"L9VF",0
"Athena10","ZGw03R8M","2011-06-28 11:20:31",5,"H9rh",0
"frndlysk8er07q6","FWQ46j0Y","2011-07-30 21:49:39",,"W5Uo",1
"Ocean.Wyatt","PGu22u5y","2012-04-28 06:58:51",3,"u5qo",0
"Teagan.Wiley","qrB46R3D","2012-05-22 14:59:37",4,"o6Da",0
"simoletto50","XgQ39B5o","2011-11-07 10:33:25",1,"x0Jp",0
"lopticommc","VVT42X2M","2010-02-13 21:45:38",5,"z8jC",1
"chefappapleaj","WnP77Y2L","2011-01-24 17:05:36",5,"T4CT",0
"Dillon.Richards","zYq32l5I","2012-08-16 11:17:50",1,"L9VF",0
"Galloway","PJD17S3d","2010-09-28 20:29:55",4,"N3OO",0
"Chanda.Brown","qBf61g6l","2012-06-25 02:43:32",,"x5Uq",1
"Poole","jHi82A4Z","2010-01-13 11:15:52",2,"J8Av",1
"Coleman","OlJ75j0w","2011-08-02 18:33:46",,"o2Tq",1
"Declan5","sgA10S0x","2011-06-24 04:19:02",4,"K8UZ",0
"Rosalyn","Syn73d1a","2011-06-28 20:18:19",4,"A4hG",0
"Janna.David","rjE58W1M","2010-08-02 09:45:44",2,"a4Rx",0
"Chapman","Cbs12m1I","2010-12-17 11:05:30",,"x0Jp",1
"vitaleno4","BMi54k6x","2010-01-28 07:45:12",,"T4CT",1
"Flavia.Potts","HYZ83P7e","2012-06-13 06:46:30",1,,
"zaskomlijnp","cEM41e6H","2010-12-06 20:54:20",5,"B4fy",1
"Rosalyn","xtb15r3D","2012-08-06 12:41:54",1,"a4Rx",0
"lopticommc","Tbm81W9h","2011-05-30 08:08:36",,"D6Kn",1
"Vivian.Morin","qPr00V2j","2012-07-21 00:42:44",1,"I4eC",1
"Wyatt","dyP05T7g","2010-04-14 17:05:12",5,"t6lc",1
"Howard","Fux24s9S","2010-05-19 07:39:08",5,"Q2eF",1
"Hedwig.Kennedy","Ega02p1p","2010-06-07 23:24:29",5,"A4hG",1
"Rooney3","vWu60e8h","2011-03-16 15:32:53",4,"A9QE",1
"quenquaf9","yNS34B9u","2011-06-11 18:45:15",4,"y1DQ",1
"Brennan","aUX12q1X","2012-08-16 23:10:02",5,"Y5Fs",1
"Adams","Puk64c3A","2010-07-27 18:07:40",3,"k4IT",0
"Idona1","JLe93z9w","2011-10-02 13:41:04",,"k6NQ",0
"Rosalyn","fiA92G8d","2012-06-04 23:02:56",1,"U6di",1
"Beach","Wtf13y4r","2012-07-01 01:30:43",1,"K8UZ",1
"Hale","cez74y1E","2012-01-16 07:17:27",5,"N3OO",1
"Rooney3","XOt54r2w","2010-05-14 07:27:14",,"W0TA",0
"Derek3","JKZ65M2m","2011-06-22 22:45:00",1,"I4eC",0
"Bernard.Peters","jNk13t4s","2012-01-22 07:52:05",5,"N3OO",1
"Bernard.Peters","suC85w5O","2011-10-12 05:58:46",3,"j0lI",0
"Claire4","ZvD32d9s","2012-10-11 05:34:09",3,"T4CT",0
"Galloway","PiC65x5o","2012-05-09 03:46:23",,"j9Rl",1
"shaihkritzercl","ehy86s1Z","2011-06-19 03:42:18",1,"V4EC",1
"Gwendolyn","eEj88Y1x","2011-12-26 19:13:34",,"x5Uq",1
"4k3o2m1zhw","sIh27I8V","2010-09-04 03:03:24",5,"N3OO",1
"simoletto50","KJA91r9R","2012-07-18 15:29:26",4,"j1gr",0
"August10","qPr00V2j","2010-09-25 13:09:05",1,,
"Mayer","fpL59o2g","2010-10-08 07:02:24",,"i4TC",0
"svetlanagj","tId60E2r","2010-11-24 17:36:39",4,"o5XQ",1
"ovularas4a","fCK54n2I","2011-11-22 15:41:30",2,"Z3Vb",1
"Flowers","Iox56V5u","2011-11-06 03:21:49",4,"H2OI",1
"Aline7","vHU39m2L","2010-12-11 11:41:30",2,"S1qP",0
"Watson","yqc92P9O","2012-06-20 11:44:41",1,"S6tI",1
"svetlanagj","YoE03T7S","2010-10-19 05:48:04",5,"N3OO",1
"Marks","MVW75W1Y","2010-01-24 17:39:31",,"j8ut",1
"ovularas4a","Bbn21V4R","2010-08-08 00:50:48",,"d4TC",1
"sazmanng3","IFw50G1a","2010-05-09 10:27:53",4,"i4TC",0
"Quin6","cNi18t8H","2010-04-30 22:58:47",1,"S1qP",0
"Katell.Webb","EjS70L0R","2010-06-20 00:16:41",,"B9pt",1
"Madison.Flores","sIh27I8V","2011-10-30 16:30:33",3,"f3at",1
"Watson","MdR50X1i","2010-12-28 10:05:35",4,"I4rp",0
"Morin","OHY39F9x","2010-01-19 06:39:56",2,"P0eU",1
"Howard","IRk26T5i","2011-11-24 00:21:05",1,"M6Fy",0
"Howard","JJg79v5P","2010-08-25 13:25:10",1,"H2dJ",1
"Indira6","GaK04k3S","2012-03-10 07:55:48",1,"j0lI",0
"dolcian0x","CeG68m9B","2012-03-17 17:00:36",2,"t4wL",0
"Lucy9","pBV12K4l","2010-01-23 20:39:12",2,"P0eU",0
"Cadman.Giles","FaM71D7a","2011-02-18 16:03:23",3,"b4SN",0
"Brown","CIx87Z6D","2010-07-28 03:06:28",1,"j0lI",0
"zaskomlijnp","wqT73e1u","2011-05-22 13:53:47",3,"I4eC",0
"pibak","mPc40W2K","2010-08-02 00:25:59",5,"H9rh",0
"kalgarijux5","YhN84b1G","2012-08-04 03:32:10",4,"M5Nq",1
"silsinsoria2j","ffv40v6F","2012-09-22 11:15:01",2,"L8kK",1
"Beach","SkY40n2K","2010-01-29 17:06:24",4,"x5Yc",0
"vitaleno4","dlm43k0x","2010-05-17 11:41:41",4,"v4oe",0
"Hedwig.Kennedy","KJA91r9R","2010-12-29 12:13:04",4,"O0zH",0
"simoletto50","XTz55e5Y","2012-01-16 20:01:50",2,"o5XQ",0
"Flowers","YTl99M1A","2011-09-18 07:52:39",3,"A6tS",0
"Peters","EZr30j6p","2010-09-14 22:19:49",2,"B9pt",0
"Chanda.Brown","UBN26O3x","2011-02-20 08:53:42",4,"j6vv",0
"Ocean.Wyatt","xiR85H6s","2010-01-14 16:07:11",5,"S1mi",0
"Flavia.Potts","ANs73P5i","2010-02-22 05:40:54",4,"p3rE",0
"Hedwig.Kennedy","Ejf48Z5K","2011-12-27 00:05:23",2,"y1DQ",0
"chefappapleaj","JwC56V0X","2011-07-06 21:29:13",5,"j5Qi",0
"4k3o2m1zhw","uBj57Y0e","2012-02-19 06:48:34",,"X9rb",1
"Katell.Webb","Lcj41R9C","2012-01-22 05:12:08",,"J8Av",1
"izsvb","mCG28X7X","2011-02-15 01:53:52",4,"H2OI",1
"Beach","Fnm23y1w","2011-07-15 21:57:34",2,"P2ey",1
"Holden","jHi82A4Z","2011-11-16 03:30:26",1,"M9XN",1
"Howard","PiC65x5o","2011-09-26 02:23:47",4,"k4IT",0
"lirizam9o","vHU39m2L","2012-01-12 22:36:08",,"w5kF",1
"kalgarijux5","bGe46E0z","2011-08-20 09:29:50",,"T8Op",0
"snowwhite5831i","PJD17S3d","2010-10-27 16:23:34",1,"y5ZY",1
"Claire4","dPn74b7w","2010-07-11 02:27:58",5,"P2ey",1
"Dillon.Richards","mPc40W2K","2012-06-24 07:18:47",4,"k4IT",1
"fanion51","JfH46k6b","2011-12-18 00:01:44",3,"z8jC",0
"Sophia.Flowers","aUX12q1X","2011-06-29 08:17:06",4,"j2se",0
"Chapman","fsh74j6J","2012-03-01 16:26:04",4,"M5Nq",0
"dolcian0x","ifJ32T1G","2010-04-17 08:05:03",5,"d4TC",0
"Candice1","NTM99u2k","2010-06-01 04:06:16",3,"x5Uq",0
"simoletto50","uLi16A5l","2010-11-24 08:28:28",4,"S6tI",1
"Hedwig.Kennedy","ECg38n0H","2011-10-03 10:29:37",1,"I7vk",1
"svetlanagj","pyc43j5x","2010-05-01 15:57:19",1,"q4xy",1
"Hedwig.Kennedy","UMg75c5V","2010-09-29 07:08:54",1,"W5Uo",1
"Stella4","EjS70L0R","2012-05-22 07:05:54",5,"O9Of",0
"chefappapleaj","CIx87Z6D","2011-12-24 18:34:22",1,"x0Jp",1
"Wyatt","yeR64L4B","2010-07-29 19:19:22",,"B4fy",0
"Chapman","sgA10S0x","2012-07-26 08:57:29",,"I4rp",0
"Sierra1","pqe99P0X","2010-02-27 10:13:08",2,"q4xy",0
"Madison.Flores","xPl96d6j","2011-12-17 19:58:57",4,"j6vv",1
"Scott.Shields","lYn58j2C","2010-02-04 18:34:06",3,"y1DQ",1
"Aline7","opZ85j3b","2012-06-11 10:41:32",2,"P2ey",0
"Martina4","MfM79E6X","2010-02-18 16:32:08",,"S1mi",0
"Bender","twp90b2D","2010-09-19 23:29:42",3,"y5ZY",1
"Chloe7","abi90k0W","2011-10-01 13:45:08",,"o5XQ",0
"Lucy9","CLD92o2R","2011-10-19 20:21:37",2,"Q7zm",1
"zaskomlijnp","CLD92o2R","2012-01-18 06:25:25",2,"j2se",0
"shaihkritzercl","Fnm23y1w","2011-04-17 14:19:40",1,"a6hx",0
"missy7280iy","oaq23S7i","2011-12-14 04:10:12",4,"j0lI",0
"lopticommc","IeV93B1m","2012-08-18 08:12:39",3,"M6Fy",1
"Rosalyn","cCw45r0E","2010-12-19 21:37:28",4,"A4hG",1
"missy7280iy","VVT42X2M","2011-10-28 08:46:26",1,"S6tI",0
"Flavia.Potts","Iox56V5u","2011-07-31 02:02:45",1,"g5AL",1
"Mann","dkc46Q9H","2010-04-10 02:37:44",5,"O0zH",1
"Nissim","rdV68n8r","2010-02-13 13:42:52",5,"I7vk",0
"solobuscamev3","TBc93h2z","2011-05-29 21:16:54",,"A4hG",1
"Candice1","MsT95G5D","2012-09-23 13:03:19",,"x5Yc",1
"Bender","rdV68n8r","2012-02-21 15:11:22",2,"M9XN",0
"zaskomlijnp","NKF35b1w","2012-04-18 11:16:13",2,"x5Uq",0
"sazmanng3","Lst01b8J","2011-06-06 18:38:55",5,"j0lI",0
"acordoru6","rjE58W1M","2011-08-15 09:07:43",,"h8Av",1
"Galloway","oaq23S7i","2012-07-16 10:47:24",5,"j2se",0
"shaihkritzercl","ECg38n0H","2012-08-15 20:47:07",4,"X8Mb",0
"August10","Tbm81W9h","2011-05-01 18:57:05",3,"T4CT",1
"Lucy9","Tto09Z1h","2011-11-03 00:44:07",,"q4xy",1
"Athena10","KQh69C7G","2010-02-23 20:37:56",,"Z3Vb",1
"Nissim","VcG48V8x","2010-09-23 18:56:21",5,"P0eU",0
"Wyatt","nSe76c7f","2011-11-21 01:24:40",,"O7oM",0
"Vivian.Morin","rdV68n8r","2012-05-04 18:22:14",,"y1DQ",0
"acordoru6","mCG28X7X","2011-06-18 13:43:27",,"T8Op",0
"Chapman","Ghj44n6V","2011-07-26 22:02:05",,"o6Da",1
"Lucy9","aQs81P3I","2011-04-26 16:43:35",2,"M2LW",0
"Oconnor","SkY40n2K","2011-01-30 21:59:18",3,"x5Yc",0
"Chanda.Brown","cNi18t8H","2012-02-02 22:46:19",,"x5Uq",0
"Sierra1","ebP26k3U","2010-08-19 22:54:11",2,"u5qo",0
"snowwhite5831i","JJg79v5P","2012-03-06 01:13:24",4,"I1Xm",1
"quenquaf9","VcG48V8x","2011-01-07 17:39:20",1,"G5Uz",1
"Declan5","CKH31F8g","2010-07-31 14:24:00",1,"u2ad",0
"vitaleno4","eTM71X5s","2012-06-13 05:00:25",5,"g5AL",1
"shaihkritzercl","lda07b3F","2011-12-10 02:17:36",4,"U6di",0
"Oconnor","Ezf13e1C","2010-04-02 19:42:54",4,"O0zH",0
"Mann","gOQ43y4f","2010-03-12 16:58:53",5,"d8ss",1
"Howard","GpX30z1J","2011-05-28 14:46:42",5,"I4eC",0
"Holden","yqc92P9O","2010-03-01 14:22:16",4,"y5ZY",0
"Chloe7","SkY40n2K","2010-01-20 18:38:38",,"u2ad",1
"Teagan.Wiley","OwG25c7E","2010-12-23 11:00:41",3,"G5Uz",0
"Chanda.Brown","XrK13E5H","2010-08-17 18:23:01",2,"F7uu",1
"dolcian0x","vaX07e1b","2010-10-15 19:43:54",5,"I1Xm",0
"svetlanagj","WnP77Y2L","2011-08-23 21:28:57",4,"r3tY",1
"Webb","GpX30z1J","2012-10-01 02:13:06",5,"J8Av",1
"Webb","ZGw03R8M","2011-01-01 22:43:23",1,,
"Callie4","bGe46E0z","2011-08-18 11:26:54",4,"Z3Vb",0
"Bender","oaZ94t6U","2011-09-04 15:37:41",4,"M2LW",1
"Brennan","qNI58p4o","2010-05-02 19:54:09",2,"S6tI",1
"Isabella","GaK04k3S","2011-12-05 09:48:36",4,"n4TX",1
"chefappapleaj","uZR79W8F","2010-11-21 15:16:48",3,"I4rp",1
"Stella4","oYN86I3r","2010-02-01 01:43:08",3,"Q4ai",0
"oslanjateox","scX36G3m","2010-05-29 10:14:34",3,"r3tY",1
"Sierra1","CeG68m9B","2011-10-02 04:06:44",2,"H9rh",0
"snowwhite5831i","Ega02p1p","2010-11-14 11:06:35",3,"K7Ra",1
"Rosalyn","hHs00W9B","2012-05-19 21:24:38",2,"h8Av",0
"Chapman","Ejf48Z5K","2010-02-13 03:53:59",3,"O9ha",0
"Martina4","ouk43e1K","2012-10-01 22:53:39",4,"Z3Vb",1
"Derek3","eEj88Y1x","2010-10-22 14:15:15",2,"j6vv",0
"missy7280iy","SCj81h0G","2011-02-04 12:09:02",4,"x0Jp",0
"Bernard.Peters","PJD17S3d","2010-02-18 05:49:05",2,"X9rb",1
"Galloway","vaX07e1b","2011-08-06 10:27:03",2,"I4rp",0
"pibak","UPn40i3W","2011-12-11 04:43:58",3,"Q2eF",1
"frndlysk8er07q6","Bqu83q6L","2011-01-01 17:31:35",5,"z4Tq",1
"Marks","pPO51p8m","2010-08-02 23:03:56",3,"O9Of",1
"sazmanng3","Cbs12m1I","2012-04-26 02:52:45",1,"I4eC",1
"Webb","Ega02p1p","2010-06-29 15:44:53",2,"Y5Fs",1
"4k3o2m1zhw","yNS34B9u","2012-07-22 12:31:52",3,"D7QY",1
"Flowers","EjS70L0R","2011-07-31 10:53:48",,"O9Of",0
"Athena10","QAW57h4g","2012-09-21 09:00:06",4,"D7QY",0
"Reed4","wjt93z1m","2010-02-01 21:46:20",2,"o6Da",0
"Wyatt","JYW89D8j","2010-06-13 20:05:26",,"U6di",1
"Poole","zPA34w0P","2011-03-20 18:32:59",4,"s8BX",1
"Nissim","qYC36w8O","2012-04-30 03:09:37",4,"a6hx",0
"Roth.Poole","Lpc67S9D","2010-11-09 23:31:16",2,"c7nI",0
"Chapman","KTG99v1K","2010-01-20 20:34:36",,"P0eU",1
"Rosalyn","Fkh22w0V","2011-11-14 08:59:37",3,"H2OI",1
"missy7280iy","Bbn21V4R","2010-07-31 22:17:57",4,"z8jC",0
"oslanjateox","xiR85H6s","2010-03-20 02:20:23",,"P2ey",1
"Isabella.Wiggins","GpX30z1J","2012-03-09 21:17:27",2,"j9Rl",0
"Coleman","ChC46p8H","2012-04-02 13:05:58",3,"a6hx",1
"Mann","xnp27i4c","2011-04-13 21:22:27",1,"A6tS",0
"treseluu","IeV93B1m","2011-03-14 07:35:16",5,"n4TX",1
"quenquaf9","dPP44p2e","2012-10-12 02:50:49",4,"j0lI",0
"Bender","xiR85H6s","2010-01-12 23:19:19",1,"A9QE",1
"Brian.Galloway","cSD56A8j","2010-09-05 06:02:37",1,"y5ZY",0
"Holden","tId60E2r","2010-05-31 07:02:33",3,"B4fy",0
"Dillon.Richards","ffv40v6F","2010-10-05 08:34:40",2,"Q4ai",0
"August10","MsT95G5D","2011-08-11 06:07:53",3,"V4EC",1
"Coleman","QtK48T3X","2012-08-13 08:23:14",5,"Q7zm",1
"Rosalyn","InC42E2c","2012-06-23 12:58:13",4,"J8Av",0
"silsinsoria2j","scX36G3m","2011-03-02 14:10:18",1,"F7uu",1
"Teagan.Wiley","ECg38n0H","2011-02-12 18:31:53",5,"O7oM",1
"Holden","VfQ34l0L","2012-01-28 06:47:39",,"J8Av",1
"simoletto50","dlm43k0x","2011-01-06 03:03:05",2,"b4SN",1
"Scott.Shields","fLu44W4Z","2012-02-12 06:03:36",5,"I1Xm",0
"Dillon.Richards","QAW57h4g","2010-02-13 18:10:42",2,"x5Yc",0
"Dillon.Richards","tId60E2r","2011-10-24 16:45:55",5,"k4IT",1
"Bender","edB78U3v","2010-11-06 13:52:17",1,"S1mi",1
"Hedwig5","RDG04V3S","2011-10-30 02:32:46",,"o5XQ",1
"Declan5","YhN84b1G","2010-09-16 23:58:07",,"h8Av",0
"silsinsoria2j","kZD44x2C","2010-06-09 21:51:47",1,"S6tI",1
"shaihkritzercl","CxZ66b7b","2011-09-10 19:20:22",,"j8ut",1
"Hedwig.Kennedy","cNi18t8H","2011-06-16 08:41:12",4,"M6Fy",0
"Marks","xWx23n6k","2010-12-30 15:30:55",1,"Q2eF",0
"snowwhite5831i","lLd22s6Z","2010-06-20 23:32:39",1,"j2cc",0
"Katell.Webb","rdV68n8r","2011-12-03 13:32:59",2,"j2se",1
"Brian.Galloway","wjt93z1m","2010-11-16 01:22:49",5,"U6di",0
"chinleongck","Ghj44n6V","2012-04-03 02:05:06",1,"t6lc",1
"zaskomlijnp","xNP65p2c","2011-10-26 00:51:20",5,"j9Rl",1
"Derek3","eoR29A9A","2011-06-23 16:46:20",3,"L9VF",0
"Celeste3","eEj88Y1x","2011-08-21 14:16:25",4,"A4hG",1
"Rosalyn","qYC36w8O","2012-02-17 20:31:48",3,"A4hG",1
"Claire4","CAE21K1u","2010-01-11 22:00:25",3,"t4wL",1
"Galloway","ZGw03R8M","2010-02-01 09:35:10",5,"U6di",0
"Bender","Wtf13y4r","2012-05-31 23:52:11",4,,
"Colette.Hale","uLi16A5l","2010-10-27 06:44:25",3,"O9ha",0
"lirizam9o","cCw45r0E","2012-08-13 07:20:41",2,"I1Xm",1
"Claire4","mCG28X7X","2010-02-17 06:53:51",1,"P2ey",1
"Morin","yqc92P9O","2011-02-15 19:00:32",1,"t6lc",1
"mozgovafl","cEM41e6H","2011-07-30 13:32:31",1,"i4TC",0
"Morin","XOt54r2w","2011-10-05 12:45:32",2,,
"Flowers","eKE59k3Q","2011-02-17 00:07:12",2,"O9Of",0
"Stella4","jpq15o0Y","2012-03-15 17:35:42",2,"T8Op",0
"mozgovafl","Eop67c9z","2012-03-27 08:05:05",3,"Q2eF",1
"Janna.David","GaK04k3S","2012-07-05 02:07:29",,"O7oM",0
"Peters","JwC56V0X","2012-08-18 03:46:33",1,"X2vp",0
"Flavia.Potts","VcG48V8x","2012-10-16 06:54:57",4,"k4IT",1
"Bender","qPr00V2j","2010-03-13 09:53:18",5,"j5Qi",1
"Idona1","Ofr36Q7B","2012-01-04 03:27:59",5,"M9XN",1
"Isabella.Wiggins","KJA91r9R","2011-12-08 15:35:44",2,"M9XN",0
"Hedwig5","IFw50G1a","2010-07-05 05:13:10",,"r3tY",1
"litakuwaue","cNi18t8H","2011-05-30 05:55:46",4,"F7uu",0
"Lucy9","sCl89r4H","2011-11-30 05:24:08",5,"D6Kn",0
"Derek3","UBN26O3x","2012-09-08 13:46:43",4,"P2ey",0
"Marks","ioc78q0o","2012-10-10 13:40:18",5,"H2dJ",1
"Brennan","cqd92A2k","2010-09-09 22:48:24",2,"z4Tq",0
"fanion51","Tbm81W9h","2011-08-03 18:24:51",,"o2Tq",1
"Martina4","qPr00V2j","2010-06-07 10:08:53",,"M6Fy",1
"Nissim","Syn73d1a","2012-04-21 18:33:58",2,"y1DQ",0
"Celeste3","xPl96d6j","2012-01-13 04:53:45",4,"M2LW",0
"mozgovafl","rAj35m2w","2011-05-26 22:13:38",4,"k5lL",0
"acordoru6","Lpc67S9D","2012-04-13 15:54:12",2,"j9Rl",1
"Poole","dPP44p2e","2012-10-03 14:08:42",1,"y1DQ",0
"Bender","Imy54F9T","2011-05-28 15:56:59",1,"t6lc",1
"Janna.David","KJA91r9R","2010-06-18 10:17:31",,"k5lL",1
"Brian.Galloway","aUX12q1X","2011-11-04 18:54:57",2,"S1mi",0
"missy7280iy","CCt76t2c","2012-02-01 08:20:13",,"J8Av",1
"oslanjateox","ChC46p8H","2010-06-19 13:16:57",1,"i4TC",1
"Scott.Shields","Qwg78k6u","2012-07-12 14:01:10",4,"v4oe",0
"oslanjateox","sgA10S0x","2012-09-06 15:18:30",1,"I4rp",1
"kalgarijux5","kFf16i7U","2012-09-24 12:10:31",2,"W0TA",1
"solobuscamev3","opZ85j3b","2010-02-19 16:22:15",2,"b4SN",1
"Morin","MdR50X1i","2011-01-22 04:26:46",3,"x0Jp",1
"Rosalyn","Imy54F9T","2010-06-02 16:16:59",2,"W0TA",1
"Martina4","dPP44p2e","2012-09-05 20:47:13",2,"j8ut",0
"izsvb","ECF30G0h","2011-01-21 13:37:05",3,"j9Rl",1
"Oconnor","Eyp53p8e","2012-01-20 19:32:49",2,"d8ss",0
"fanion51","XTz55e5Y","2012-03-15 19:56:33",4,"d8ss",0
"Callie4","pvZ03k6y","2011-08-10 05:00:15",5,"z4Tq",0
"Hedley8","cCw45r0E","2011-12-21 23:15:47",2,"M6Fy",1
"mozgovafl","Lst01b8J","2010-10-12 12:19:46",4,"p3rE",1
"Watson","OlJ75j0w","2010-12-27 16:10:48",4,"t6lc",1
"4k3o2m1zhw","aUX12q1X","2011-10-19 02:07:04",2,"b4SN",1
"Brennan","Mus02Q8Z","2011-12-29 14:23:42",5,"A6tS",1
"calliparik2","lQK88q0b","2010-06-14 19:13:16",1,"W5Uo",0
"Cameran2","Unl99u5p","2010-01-29 17:34:13",2,"k6NQ",1
"treseluu","EZr30j6p","2010-05-23 13:17:07",5,"t4wL",0
"Rosalyn","FWQ46j0Y","2012-02-24 12:22:15",5,"k6NQ",1
"Vivian.Morin","jNk13t4s","2010-12-24 07:38:38",1,"a4Rx",1
"Katell.Webb","xiR85H6s","2011-06-05 00:53:19",5,"j9Rl",0
"Brown","uOt52j3F","2012-03-17 10:35:21",1,"o6Da",0
"Reed4","Ghj44n6V","2011-10-23 14:54:37",,"f3at",0
"Stella4","xPl96d6j","2011-12-03 11:30:09",5,"b4SN",1
"Morin","ffv40v6F","2010-08-02 14:36:46",3,,
"chinleongck","NKF35b1w","2011-08-22 18:00:11",1,"P0eU",1
"Celeste3","VlO41m8H","2010-04-20 04:33:44",2,"T4CT",0
"Cheryl","Ezf13e1C","2012-09-03 18:17:08",3,"u2ad",0
"Chapman","Zpl92K0X","2012-02-25 11:40:12",4,"I4rp",0
"Chapman","XgQ39B5o","2011-12-22 18:08:44",4,"Z3Vb",1
"vitaleno4","JfH46k6b","2012-04-06 17:02:41",,"x0Jp",0
"Scott.Shields","fAh40T2d","2012-01-16 03:02:53",,"A6tS",1
"Sophia.Flowers","cez74y1E","2012-08-23 06:35:52",5,"H2OI",0
"Derek3","BsY21x3L","2012-04-07 07:03:07",2,"I4rp",0
"Flavia.Potts","KQh69C7G","2011-02-10 14:43:58",5,"M6Fy",0
"dolcian0x","hin09B1O","2010-12-29 02:37:37",3,"M9XN",1
"Bernard.Peters","cLQ43L4h","2011-02-27 04:31:33",,"Q7zm",0
"Callie4","fAh40T2d","2012-07-29 18:27:15",4,"r3tY",1
"Poole","kZD44x2C","2010-06-12 12:15:07",5,"Y5Fs",1
"Hale","FMB54M6I","2010-10-17 02:31:34",2,"S6tI",0
"pibak","Tbm81W9h","2010-03-10 04:18:14",4,"h8Av",0
"Celeste3","KaO83V0C","2011-12-10 06:28:09",,"f3at",1
"Marks","Imy54F9T","2011-11-01 14:49:54",,"c7nI",1
"silsinsoria2j","MfM79E6X","2010-06-23 13:45:03",5,"j0lI",1
"Colette.Hale","KTG99v1K","2012-03-01 05:30:49",1,"Q4ai",0
"Celeste3","vEg21S0v","2012-06-14 12:47:41",2,"u2ad",0
"Mayer","dkc46Q9H","2010-04-03 09:41:57",3,"X2vp",1
"Cheryl","UBN26O3x","2010-04-29 02:23:25",4,"g5AL",1
"Mcintyre","WSG19Y7b","2010-06-14 13:50:19",5,"M6Fy",1
"crashtest17tf","ioh40j7v","2011-01-07 07:52:11",5,"y1DQ",0
"Nissim","TBc93h2z","2010-08-03 00:16:12",2,"Q4ai",1
"Rooney3","PiC65x5o","2011-07-20 06:26:18",3,"K7Ra",1
"Teagan.Wiley","OwG25c7E","2011-12-28 01:20:31",3,"v4oe",0
"ovularas4a","hin09B1O","2011-02-10 00:20:49",,"Q7zm",1
"Holden","rFc42z1B","2010-06-26 08:59:08",2,"K7Ra",0
"Colette.Hale","Qca84l6Y","2012-07-21 22:46:16",,"d8ss",0
"solobuscamev3","ANs73P5i","2011-09-28 02:46:42",4,"j9Rl",0
"Rooney3","yqc92P9O","2010-12-07 17:33:37",,"j1gr",0
"Cheryl","OIl08j4p","2010-01-13 10:40:01",,"H9rh",0
"Hedwig5","CeG68m9B","2012-04-22 02:53:22",4,"o2Tq",1
"lopticommc","IFw50G1a","2010-05-03 03:12:35",1,"u2ad",1
"Aline7","jgK45A9H","2010-10-24 20:57:56",3,"A4hG",0
"Coleman","jsO54w2T","2010-07-28 14:48:29",5,"A9QE",0
"Hedley8","Lke01K1v","2010-06-14 01:46:51",3,"u2ad",0
"Teagan.Wiley","KTG99v1K","2011-01-20 15:53:39",1,"X9rb",1
"Reed4","JYW89D8j","2010-08-07 03:32:53",,"A9QE",1
"Coleman","nSe76c7f","2010-08-13 12:16:18",3,"T8Op",0
"Indira6","pqe99P0X","2010-01-31 17:45:51",4,"O9Of",1
"Morin","YTl99M1A","2010-06-25 06:00:57",2,"v4oe",0
"Mcintyre","zPA34w0P","2011-09-14 09:52:25",2,"H2dJ",1
"Carson.Stuart","XSf30w1U","2011-02-14 20:30:06",3,"s8BX",0
"Brennan","KBG81i0B","2011-08-24 13:00:32",5,"T8Op",0
"Brown","ECg38n0H","2011-11-24 18:39:08",,"A6tS",0
"Hedwig5","edB78U3v","2011-11-07 20:26:49",4,"p3rE",1
"Gwendolyn","Lpc67S9D","2011-04-21 10:52:26",2,"j5Qi",1
"Colette.Hale","OHY39F9x","2012-06-07 15:55:56",,"S1mi",0
"Janna.David","ifJ32T1G","2012-01-10 07:28:23",,"y1DQ",1
"Celeste3","eKE59k3Q","2010-03-17 20:55:10",5,"O9Of",1
"shaihkritzercl","pAB79K1Z","2010-11-17 13:59:57",3,"w5kF",1
"Teagan.Wiley","JwC56V0X","2012-09-30 13:38:58",3,"F7uu",1
"Poole","Unl99u5p","2010-06-25 21:16:13",5,"h0fv",1
"silsinsoria2j","Eop67c9z","2010-09-04 01:31:49",1,"v4oe",1
"Nissim","OHY39F9x","2011-12-26 02:14:41",2,"Z3Vb",0
"kalgarijux5","yNS34B9u","2010-07-17 00:37:22",1,"d4TC",0
"Sophia.Flowers","XTz55e5Y","2012-10-16 16:48:57",4,"a4Rx",0
"Hedley8","Fkx05w5S","2012-07-27 21:21:04",,"j9Rl",0
"Marks","RUn95m2i","2012-08-04 22:20:11",,"Q4ai",0
"snowwhite5831i","Fux24s9S","2011-01-07 07:42:04",5,"z8jC",1
"Mayer","USX78z4V","2010-01-16 21:03:58",,"t4wL",0
"Hedwig.Kennedy","Unl99u5p","2010-08-01 19:42:06",1,"M2LW",1
"Lucy9","Unl99u5p","2012-10-08 06:11:04",1,"X8Mb",1
"crashtest17tf","bno84V6k","2011-11-01 23:21:07",2,"O7oM",1
"Mann","cqd92A2k","2012-08-26 22:58:31",1,"I4rp",0
"Beach","UMg75c5V","2011-06-15 12:18:28",1,"j0lI",0
"Athena10","Fkh22w0V","2011-03-27 14:35:00",3,"B9pt",1
"calliparik2","Fnm23y1w","2010-07-31 11:11:45",,"X8Mb",0
"Chapman","ECg38n0H","2011-10-01 13:28:04",,"A4hG",0
"Chanda.Brown","jHi82A4Z","2012-06-27 16:27:32",1,"j6vv",1
"Candice1","zYq32l5I","2011-04-16 05:15:20",4,"T8Op",0
"Holden","Hff15q8Z","2010-10-09 21:05:57",,"X9rb",1
"Howard","nlD38W7s","2010-08-01 22:25:55",2,"L9VF",1
"Wyatt","PiF90C1w","2012-06-23 17:58:22",1,"j1gr",1
"August10","Rec36b9m","2011-07-09 20:52:07",,"z4Tq",0
"Wyatt","fAh40T2d","2011-01-21 09:49:26",4,"B4fy",1
"Declan5","tId60E2r","2012-01-13 20:10:14",4,"h8Av",0
"Peters","Gfz85k4Q","2011-01-20 05:40:24",5,"f3at",1
"Hedwig5","ZGw03R8M","2012-09-26 01:36:11",5,"b4SN",1
"simoletto50","WPM08n2G","2010-06-09 04:47:51",4,"J4vI",0
"Holden","scX36G3m","2012-04-17 03:52:31",,"t4wL",0
"Beach","lbG91b9I","2011-10-08 11:39:25",1,"W5Uo",0
"Gwendolyn","IFw50G1a","2012-02-06 17:46:51",4,"A9QE",1
"Brown","BsY21x3L","2011-02-13 12:07:29",4,"j1gr",1
"Callie4","fCK54n2I","2011-06-19 00:36:34",2,"o2Tq",1
"Dillon.Richards","WSG19Y7b","2011-10-10 01:55:55",,"H2OI",0
"Reed4","GvX52B9s","2011-10-23 15:31:53",5,"B9pt",0
"4k3o2m1zhw","dlm43k0x","2012-05-30 20:23:03",4,"P2ey",1
"Adams","jHi82A4Z","2010-02-23 12:47:09",5,"U6di",0
"zaskomlijnp","AMi12E3g","2010-02-28 19:56:10",5,"I4rp",1
"Cheryl","IFw50G1a","2012-08-06 18:52:07",4,"j6vv",0
"Isabella","RUn95m2i","2011-12-10 07:53:48",3,"x5Uq",0
"Nissim","OIl08j4p","2010-04-19 02:04:10",3,"j2cc",1
"Mcintyre","GvX52B9s","2011-08-02 10:33:46",4,"M6Fy",0
"Stella4","vaX07e1b","2011-06-27 06:42:34",1,"V4EC",1
"Poole","jYo58N3T","2010-07-15 05:25:13",,"O7oM",0
"Brian.Galloway","xnp27i4c","2011-07-29 22:09:53",1,"L9VF",0
"Roth.Poole","UBN26O3x","2011-12-31 05:28:17",1,"a4Rx",1
"Chloe7","TOX08L5h","2012-01-21 05:17:23",4,"W5Uo",0
"Celeste3","BsY21x3L","2012-04-10 04:49:21",4,"H9rh",0
"Bender","lbG91b9I","2012-07-16 20:54:35",1,"Q2eF",0
"Dillon.Richards","HhZ67h3K","2011-02-26 08:59:20",2,"H9rh",0
"Madison.Flores","feg73I0y","2010-03-20 01:48:20",4,"o5XQ",1
"Carson.Stuart","lYn58j2C","2010-12-23 09:12:56",3,"a6hx",1
"Sierra1","cqd92A2k","2012-05-08 15:09:57",3,"S1qP",0
"Callie4","WvZ81j9y","2010-12-27 16:31:27",,"M9XN",0
"Lucy9","lbG91b9I","2012-10-03 11:50:28",3,"k4IT",0
"fanion51","rjE58W1M","2012-02-15 10:59:23",4,"T4CT",0
"fanion51","WPM08n2G","2011-05-13 11:20:54",4,"S1mi",0
"Hedwig5","cEM41e6H","2012-05-29 14:30:02",,"M9XN",0
"oslanjateox","eoR29A9A","2011-07-19 20:59:53",,"V4EC",0
"Coleman","QUD79f3y","2011-09-13 13:59:42",2,"Y5Fs",1
"Sophia.Flowers","MjK97f9O","2012-02-03 06:22:17",1,"K7Ra",1
"Ocean.Wyatt","MBA13o2b","2011-07-22 20:17:16",,"L9VF",0
"shaihkritzercl","ehy86s1Z","2010-05-15 11:22:03",4,"I4rp",1
"zaskomlijnp","ouk43e1K","2011-05-27 14:02:04",2,"J8Av",1
"Indira6","MjK97f9O","2010-02-04 17:56:10",2,"k5lL",1
"Bender","eEj88Y1x","2010-07-30 04:43:26",3,"I4eC",1
"Cadman.Giles","pEh01f6v","2010-11-27 17:12:05",2,"j2se",0
"Dillon.Richards","MjK97f9O","2010-12-19 12:17:38",4,"Z5ig",1
"Chapman","mgJ42t8e","2011-10-27 00:51:12",3,"A9QE",0
"silsinsoria2j","uvp09z7t","2012-06-16 02:15:19",1,"B4fy",0
"quenquaf9","wEB48R2b","2010-04-02 17:38:21",3,"I1Xm",1
"Holden","yJb88X6W","2011-06-19 14:49:13",5,"v4oe",1
"crashtest17tf","gxp94h9T","2010-02-21 10:30:10",3,"G6qO",0
"Carson.Stuart","fLu44W4Z","2012-02-13 23:02:50",,"g5AL",1
"Mayer","Puk64c3A","2012-09-04 02:00:12",,"B9pt",1
"dolcian0x","Wda17r7W","2010-12-26 08:25:44",2,"k6NQ",0
"Roth.Poole","DxN71F2N","2010-11-04 16:27:09",,"j1gr",0
"Rooney3","KlC33m0a","2010-09-06 02:54:44",,"x5Uq",1
"Indira6","sgA10S0x","2012-06-27 21:41:25",5,"d4TC",1
"Scott.Shields","WSG19Y7b","2011-12-10 10:51:53",3,"y5ZY",0
"vitaleno4","MsT95G5D","2011-12-23 08:31:47",1,"D7QY",1
"Idona1","xNP65p2c","2010-07-13 04:36:13",2,"s8BX",1
"4k3o2m1zhw","RdR39b9a","2011-02-10 09:40:07",1,"S1qP",1
"fanion51","wEB48R2b","2010-08-26 13:51:31",5,"A6tS",0
"Indira6","fLu44W4Z","2012-02-03 21:02:20",4,"j1gr",1
"Mann","mPc40W2K","2012-09-06 03:17:12",3,"x5Yc",0
"frndlysk8er07q6","dlm43k0x","2011-12-13 15:23:41",1,"K8UZ",0
"Dillon.Richards","lbG91b9I","2010-03-29 02:42:48",4,"M2LW",0
"4k3o2m1zhw","nSe76c7f","2011-03-16 05:07:54",5,"x0Jp",1
"shaihkritzercl","Ivb87U1f","2012-03-15 02:58:03",4,"J6SQ",0
"lirizam9o","USX78z4V","2011-08-31 07:48:59",4,"K8UZ",0
"Teagan.Wiley","KaO83V0C","2011-12-13 01:18:26",3,"g5AL",1
"Bernard.Peters","PJD17S3d","2010-11-12 12:36:55",2,"a4Rx",0
"Flowers","USX78z4V","2012-06-18 09:26:22",4,"x5Uq",0
"Bender","VWB81P1q","2010-01-05 07:53:01",4,"L9VF",1
"Galloway","lda07b3F","2011-06-17 03:31:47",1,"S1qP",1
"Reed4","CCt76t2c","2012-09-09 04:48:35",3,"O7oM",1
"treseluu","InC42E2c","2010-07-26 05:03:33",2,"i4TC",0
"Hedley8","ZvD32d9s","2012-08-31 21:17:38",1,"j8ut",0
"Isabella","Zgx47b5e","2010-04-07 21:27:13",4,"a4Rx",0
"litakuwaue","kUc98c2M","2010-06-17 09:50:25",,"B9pt",1
"pibak","BNp23I4S","2011-10-05 19:38:16",1,"O9ha",1
"Adams","XgQ39B5o","2011-12-08 00:12:53",5,"j0lI",1
"Hedley8","Wtf13y4r","2010-07-14 08:25:05",1,"j6vv",0
"Hedwig.Kennedy","AMi12E3g","2011-02-17 01:50:39",3,"u2ad",1
"Indira6","oYN86I3r","2012-07-15 13:49:30",3,"W5Uo",1
"sazmanng3","WnP77Y2L","2010-07-14 07:18:51",1,"D6Kn",0
"Adams","nGJ15f0G","2011-08-26 17:43:35",2,"Z3Vb",0
"Cameran2","Gfz85k4Q","2011-07-24 03:28:11",,"Q7zm",0
"oslanjateox","xtb15r3D","2011-04-01 12:30:43",1,"g5AL",1
"Ocean.Wyatt","jYo58N3T","2011-03-22 23:08:53",2,"j8ut",0
"Reed4","ffv40v6F","2012-02-04 11:55:39",2,"X8Mb",0
"Stella4","Mus02Q8Z","2011-05-20 02:22:11",5,"M2LW",1
"Carson.Stuart","JLe93z9w","2012-05-15 14:05:45",4,"J8Av",1
"Nissim","JJg79v5P","2011-02-02 08:40:34",5,"M9XN",1
"Teagan.Wiley","kFf16i7U","2012-06-15 22:05:43",5,"b4SN",0
"Bernard.Peters","cSD56A8j","2010-07-18 10:24:09",3,"y5ZY",0
"Idona1","fLu44W4Z","2011-08-12 13:48:23",,"c7nI",1
"Holden","edB78U3v","2011-12-07 22:31:26",5,"n4TX",1
"Colette.Hale","cEM41e6H","2011-01-03 12:23:08",5,"D7QY",0
"quenquaf9","JYW89D8j","2010-02-14 01:48:20",4,"j2cc",1
"Reed4","Tto09Z1h","2012-01-15 18:22:23",3,"B4fy",0
"Holden","Lst01b8J","2010-11-29 12:43:43",,"p3rE",0
"Howard","pyc43j5x","2012-04-29 16:47:04",4,"A4hG",1
"Candice1","qKc58p6S","2010-03-23 00:49:38",1,"c7nI",1
"Webb","PiC65x5o","2011-02-21 23:19:13",5,"S1qP",0
"Rosalyn","tId60E2r","2011-12-29 21:34:34",,"L9VF",0
"Stella4","PJD17S3d","2011-11-19 02:10:35",2,"Y5Fs",0
"Scott.Shields","Gfz85k4Q","2012-09-18 08:28:17",5,"f3at",0
"shaihkritzercl","lYn58j2C","2012-05-05 23:49:18",2,"I7vk",1
"Isabella.Wiggins","JJg79v5P","2011-06-15 19:17:35",,"j2cc",1
"Poole","ZvD32d9s","2011-12-13 06:11:36",1,"u5qo",0
"Roth.Poole","KlC33m0a","2012-06-28 18:07:03",1,"c7nI",0
"Morin","Fnm23y1w","2011-11-17 13:39:54",1,"I4rp",0
"shaihkritzercl","dtH24q7F","2011-02-22 09:42:54",,"j2se",1
"Mann","SKl93E2y","2010-09-22 21:16:58",5,"K8UZ",0
"Candice1","xxA57q0E","2010-09-24 03:11:17",3,"I4eC",0
"fanion51","lQK88q0b","2011-12-24 21:17:25",5,"D6Kn",1
"Teagan.Wiley","PiC65x5o","2011-06-25 07:40:45",3,"L8kK",1
"Colette.Hale","Ofr36Q7B","2011-07-12 06:13:53",1,"Z3Vb",1
"Hedwig5","XOt54r2w","2010-11-08 06:25:34",1,"b4SN",0
"Dillon.Richards","lda07b3F","2011-02-08 07:04:33",1,"P0eU",1
"Katell.Webb","PcR39G8Q","2010-09-10 07:04:59",3,"o6Da",0
"Mann","Kwz18t2i","2010-07-07 08:50:37",,"B4fy",1
"Sierra1","xtb15r3D","2012-04-29 05:30:48",3,"W5Uo",0
"Brian.Galloway","PiC65x5o","2010-08-02 01:51:29",,"x5Yc",0
"Colette.Hale","PiF90C1w","2011-05-13 01:16:42",,"f3at",0
"chinleongck","EjS70L0R","2010-11-22 18:58:18",,"S1mi",1
"oslanjateox","kEJ22t5i","2010-06-28 21:41:17",,"S1qP",0
"dolcian0x","MBA13o2b","2012-07-04 21:11:09",5,"j1gr",0
"acordoru6","scX36G3m","2010-05-20 01:27:23",3,"S6tI",1
"Rosalyn","Ivb87U1f","2012-06-04 13:21:36",5,"I1Xm",1
"Marks","QtK48T3X","2010-05-09 18:26:05",,"j9Rl",0
"Claire4","jBM09X3R","2010-10-10 00:54:33",5,"Q2eF",1
"treseluu","eTM71X5s","2011-10-28 17:58:53",5,"H2OI",0
"Hedwig5","ANs73P5i","2010-10-02 13:54:56",2,"Q2eF",1
"fanion51","YTl99M1A","2010-06-19 18:21:17",2,"j9Rl",0
"Lucy9","SkY40n2K","2012-08-13 03:00:01",5,"j2cc",1
"Holden","qEP91r1V","2011-09-27 19:54:07",5,"A9QE",0
"acordoru6","ZGw03R8M","2012-01-12 06:42:37",1,"O9Of",1
"lopticommc","Tbm81W9h","2011-04-15 11:25:26",3,"D6Kn",1
"4k3o2m1zhw","xiR85H6s","2012-02-24 02:02:01",1,"P2ey",0
"Dillon.Richards","lda07b3F","2012-01-16 06:15:24",1,"S1qP",1
"Chanda.Brown","AOb22p6N","2012-05-05 06:04:27",,"J8Av",0
"Martina4","KBG81i0B","2010-03-30 17:03:49",,"L9VF",0
"Webb","IFw50G1a","2011-08-03 00:58:38",3,"I4eC",1
"Roth.Poole","JJg79v5P","2012-04-29 09:17:40",3,,
"Marks","oaq23S7i","2011-05-22 14:13:58",1,"T8Op",1
"Sophia.Flowers","nVn69v6A","2012-03-18 22:20:37",3,"v4oe",0
"Holden","ooh14h6S","2011-09-10 21:07:36",1,"Q2eF",0
"Celeste3","pqe99P0X","2010-02-03 12:24:40",4,"Y5Fs",1
"Oconnor","edB78U3v","2012-03-03 08:36:48",3,"G6qO",0
"Marks","UAM29O8G","2011-03-25 21:57:15",5,"T4CT",1
"Sierra1","Ezf13e1C","2011-02-04 00:11:07",,"H2dJ",1
"Mann","scX36G3m","2011-06-13 04:24:29",5,"M6Fy",1
"Teagan.Wiley","jBM09X3R","2011-02-09 15:10:48",1,"J8Av",0
"Carson.Stuart","uOt52j3F","2010-09-25 10:47:51",1,"F7uu",0
"Howard","ZlX24N5j","2012-06-22 11:14:58",5,"h0fv",0
"Oconnor","UPn40i3W","2011-04-09 10:12:45",3,"y5ZY",1
"mozgovafl","DxN71F2N","2010-12-05 09:39:36",2,"G6qO",0
"Stella4","pqe99P0X","2012-04-06 05:23:14",4,"o6Da",0
"vitaleno4","Dmx46I0S","2010-01-12 14:52:48",4,"a4Rx",1
"Stella4","qEP91r1V","2012-03-08 09:40:19",,"A6tS",0
"dolcian0x","cSD56A8j","2010-05-22 22:08:10",,"O9ha",1
"Callie4","yNS34B9u","2011-09-14 06:11:36",2,"o6Da",1
"Celeste3","pBV12K4l","2012-05-09 17:12:30",5,"O1RQ",1
"Coleman","InC42E2c","2012-07-10 19:47:02",5,"y1DQ",1
"kalgarijux5","mgJ42t8e","2011-05-02 07:12:39",3,"v4oe",1
"calliparik2","sCl89r4H","2012-02-21 14:46:13",1,"x5Uq",1
"Idona1","cSD56A8j","2012-01-30 16:55:04",3,"k5lL",1
"calliparik2","Dmx46I0S","2012-03-10 00:31:52",2,"Q4ai",0
"izsvb","KQh69C7G","2011-04-13 22:16:21",,"S1qP",1
"Cadman.Giles","JLe93z9w","2012-03-12 17:44:22",5,"O9Of",1
"Indira6","CeG68m9B","2011-07-19 23:27:37",4,"z8jC",0
"Colette.Hale","WSG19Y7b","2012-10-12 19:24:29",5,"O9Of",1
"August10","jNk13t4s","2011-11-23 13:42:03",,"d4TC",0
"Indira6","uLi16A5l","2011-01-18 16:37:20",5,"d8ss",1
"vitaleno4","OlJ75j0w","2012-03-02 19:35:29",1,"H9rh",0
"Cameran2","yJb88X6W","2012-05-13 17:21:10",3,"w5kF",1
"Katell.Webb","InC42E2c","2012-07-09 10:37:09",2,"B9pt",1
"Aline7","uvp09z7t","2012-03-17 15:28:30",,"I7vk",1
"Chloe7","Gfz85k4Q","2010-07-24 03:25:50",,"z8jC",0
"Teagan.Wiley","mPc40W2K","2012-05-11 08:37:57",,"k6NQ",1
"Coleman","FWQ46j0Y","2010-05-08 07:42:05",4,"g5AL",0
"Aline7","cez74y1E","2011-03-18 23:16:40",,"H2OI",0
"Bernard.Peters","KaO83V0C","2012-02-28 04:43:12",2,"O9Of",1
"Hedwig.Kennedy","kFf16i7U","2010-08-15 21:08:12",3,"L8kK",1
"snowwhite5831i","Ivb87U1f","2011-11-29 02:57:33",3,"A6tS",0
"Candice1","ebP26k3U","2010-05-18 21:07:13",2,"T4CT",0
"Athena10","gOQ43y4f","2012-03-15 11:41:24",1,"I7vk",0
"Hedley8","dlm43k0x","2010-05-16 03:47:19",5,"B9pt",1
"shaihkritzercl","zPA34w0P","2011-07-05 04:36:17",4,"O0zH",0
"Coleman","cEM41e6H","2012-03-09 17:17:14",2,"x5Uq",1
"Bernard.Peters","fpL59o2g","2012-10-07 16:17:19",1,"b4SN",1
"Chapman","XOt54r2w","2012-07-19 18:48:07",2,"H9rh",1
"frndlysk8er07q6","AMi12E3g","2010-03-12 11:02:44",2,"V4EC",1
"Bender","kEJ22t5i","2011-04-23 15:40:54",1,"J6SQ",0
"Sierra1","Fkh22w0V","2012-09-18 05:52:16",4,"x5Uq",0
"Poole","xPl96d6j","2011-06-26 15:15:44",5,"j0lI",0
"Isabella","KQh69C7G","2012-03-25 10:52:12",1,"g6rZ",1
"Callie4","vaX07e1b","2011-04-22 23:34:25",2,"p3rE",1
"solobuscamev3","MsT95G5D","2010-05-20 02:02:46",,"j2cc",1
"Bender","XWr43c4K","2010-08-07 02:23:59",4,"k4IT",1
"Derek3","KBG81i0B","2011-12-17 00:01:44",5,"T8Op",1
"Cadman.Giles","Zgx47b5e","2011-02-16 01:17:16",1,"A9QE",0
"Sierra1","XTz55e5Y","2010-06-06 00:22:01",4,"T8Op",0
"snowwhite5831i","CeG68m9B","2012-03-05 12:06:41",1,"k4IT",1
"Mcintyre","zPA34w0P","2011-04-24 02:10:07",,"y5ZY",0
"Brennan","mnR98I5J","2012-07-12 18:06:37",3,"y5ZY",0
"Morin","Wtf13y4r","2010-11-04 07:54:18",3,"h0fv",1
"fanion51","EZr30j6p","2011-09-03 23:14:05",,"Q2eF",1
"Indira6","FWQ46j0Y","2011-06-14 19:35:11",5,"A6tS",0
"Sophia.Flowers","lbG91b9I","2011-10-18 16:12:41",,"B4fy",0
"frndlysk8er07q6","pPO51p8m","2011-05-01 14:43:18",4,"o5XQ",1
"kalgarijux5","suC85w5O","2011-09-14 17:26:16",1,"o2Tq",1
"Adams","OlJ75j0w","2010-05-04 15:39:11",5,"t6lc",1
"Flowers","vWu60e8h","2010-07-08 09:12:16",4,"h8Av",1
"Oconnor","YoE03T7S","2010-12-01 05:50:29",4,"t6lc",0
"Declan5","Hff15q8Z","2010-05-28 14:27:13",1,"d8ss",0
"Galloway","aQs81P3I","2010-01-19 13:51:03",2,"V4EC",0
"Gwendolyn","fpL59o2g","2010-12-14 22:56:48",5,"X2vp",1
"Bender","IeV93B1m","2012-08-30 19:26:33",2,"a6hx",1
"Chapman","hin09B1O","2010-09-27 10:07:02",,"j8ut",0
"Chapman","bno84V6k","2012-07-20 03:30:46",2,"d8ss",1
"Indira6","rdV68n8r","2011-12-21 05:03:49",5,"J4vI",1
"kalgarijux5","EjS70L0R","2010-12-01 02:59:29",4,"J6SQ",1
"ovularas4a","xnp27i4c","2011-09-15 14:25:12",2,"c7nI",0
"Galloway","mPc40W2K","2010-08-19 08:37:51",1,"v4oe",0
"Wyatt","ChC46p8H","2011-02-15 15:03:32",3,"K8UZ",1
"treseluu","Tbm81W9h","2012-05-04 09:05:58",5,"O0zH",0
"Stella4","VVT42X2M","2010-11-12 11:13:16",2,"K8UZ",1
"August10","eKE59k3Q","2010-01-14 12:11:01",1,"D7QY",0
"Flores","CCt76t2c","2012-05-04 13:44:41",3,"B4fy",1
"snowwhite5831i","Zgx47b5e","2010-04-19 09:50:50",5,"O9Of",1
"oslanjateox","KeZ61G2h","2010-09-29 16:43:14",5,"D7QY",1
"Stella4","eoR29A9A","2010-09-27 20:19:48",1,"U6di",1
"Hedwig5","sCl89r4H","2012-08-13 09:29:12",,"x5Yc",0
"Flowers","kZD44x2C","2010-12-04 16:50:47",2,"t4wL",1
"Sierra1","FMB54M6I","2012-06-28 10:43:39",2,"M2LW",1
"Peters","fHz75m5D","2011-02-17 01:44:53",2,"I1Xm",1
"Indira6","KQh69C7G","2010-03-15 12:37:23",5,"x5Uq",1
"Cameran2","pPO51p8m","2010-07-17 23:53:22",,"c7nI",0
"Carson.Stuart","cez74y1E","2012-04-05 21:27:48",2,"v4oe",0
"Sophia.Flowers","jsO54w2T","2010-09-08 17:53:23",,"y5ZY",1
"4k3o2m1zhw","Ykv16G1e","2010-01-02 10:58:44",5,"Y5Fs",1
"Scott.Shields","ZGw03R8M","2012-02-10 10:43:24",4,"y1DQ",1
"Candice1","AOb22p6N","2010-12-17 03:23:44",5,"M9XN",0
"lopticommc","opZ85j3b","2010-04-18 08:33:17",5,"J8Av",1
"Dillon.Richards","fCK54n2I","2010-11-16 14:17:16",3,"T8Op",0
"Janna.David","mnR98I5J","2011-08-19 16:31:46",4,"b6Zj",0
"lirizam9o","JKZ65M2m","2011-02-09 07:51:45",5,"x5Uq",0
"fanion51","JfH46k6b","2010-04-10 04:06:37",2,"d8ss",0
"calliparik2","uZR79W8F","2011-09-20 15:29:04",1,"s8BX",1
"Flores","XOt54r2w","2010-11-04 04:22:23",4,"v4oe",1
"Bernard.Peters","BMi54k6x","2012-08-10 21:51:06",3,"r3tY",1
"Stella4","kUc98c2M","2012-03-25 04:32:11",2,"S1qP",1
"calliparik2","Ojv81c1m","2011-03-23 08:34:19",3,"j2cc",1
"Holden","cCw45r0E","2010-05-28 23:51:28",4,"n4TX",0
"Watson","opZ85j3b","2012-10-08 22:10:24",,"W5Uo",0
"Brennan","Fnm23y1w","2010-07-21 07:45:10",5,"O9ha",0
"Adams","KeZ61G2h","2011-05-17 16:20:41",3,"V4EC",1
"Mann","bTA57U3x","2011-06-10 02:29:12",1,"I4rp",0
"dolcian0x","lda07b3F","2012-08-26 19:50:55",5,"Z5ig",0
"Coleman","YTl99M1A","2011-11-28 18:53:00",3,"G5Uz",0
"Dillon.Richards","IFw50G1a","2010-11-28 13:00:19",4,"O9ha",1
"Teagan.Wiley","WSG19Y7b","2012-03-10 21:48:56",4,"j2se",1
"treseluu","tqa17E0X","2011-06-16 22:11:47",4,"G5Uz",0
"Hale","BNp23I4S","2010-01-06 14:11:33",5,"f3at",0
"4k3o2m1zhw","pPO51p8m","2011-05-15 06:45:07",3,"M2LW",0
"Flavia.Potts","vVO11v8b","2010-04-18 07:31:37",2,"G6qO",0
"August10","OIl08j4p","2011-11-02 23:33:13",,"A9QE",1
"Rooney3","qcD97P7h","2010-03-25 14:36:17",,"M5Nq",0
"lopticommc","MRu32p8k","2011-05-06 21:36:02",3,"t6lc",0
"lopticommc","Imy54F9T","2012-06-24 18:33:52",4,"k4IT",0
"crashtest17tf","QUD79f3y","2011-05-13 13:10:44",1,"S6tI",1
"fanion51","JYW89D8j","2012-04-04 18:36:24",3,"A4hG",0
"Candice1","Ezf13e1C","2012-07-22 12:56:13",5,"L9VF",0
"Rooney3","rjE58W1M","2012-07-20 21:49:36",4,"u2ad",0
"lopticommc","uBj57Y0e","2011-09-12 11:57:28",4,"i4TC",0
"fanion51","WnP77Y2L","2010-10-15 23:01:57",1,"n4TX",0
"frndlysk8er07q6","abi90k0W","2010-02-10 14:01:41",2,"A6tS",1
"Aline7","nVn69v6A","2010-07-15 21:54:05",5,"Q7zm",0
"vitaleno4","USX78z4V","2012-04-21 22:45:14",2,"q4xy",0
"Cheryl","ChC46p8H","2010-12-05 01:22:19",5,"d4TC",1
"fanion51","qBf61g6l","2011-11-18 01:12:01",5,"W5Uo",0
"Colette.Hale","Fux24s9S","2012-04-11 10:24:59",5,"j5Qi",1
"Stella4","Ega02p1p","2010-01-30 07:23:52",3,"j8ut",1
"missy7280iy","QUD79f3y","2011-12-15 02:32:36",3,"O7oM",1
"Poole","kZD44x2C","2011-08-22 16:53:40",3,"n4TX",1
"Marks","JRm57x9J","2012-04-04 15:16:05",3,"t6lc",0
"Brown","PcR39G8Q","2010-09-13 19:06:34",1,"k6NQ",1
"chinleongck","kUc98c2M","2011-04-03 03:22:56",1,"b6Zj",1
"Roth.Poole","sgA10S0x","2011-03-30 13:36:17",3,"A4hG",0
"Aline7","XWr43c4K","2012-04-20 02:50:05",3,"q4xy",1
